{
    "end_y": 0.07570422535211267, 
    "end_x": 0.08568075117370892, 
    "start_x": 0.025821596244131457, 
    "start_y": 0.03609154929577465
}